<?xml version="1.0" encoding="UTF-8"?>
<project-private xmlns="http://www.netbeans.org/ns/project-private/1">
    <editor-bookmarks xmlns="http://www.netbeans.org/ns/editor-bookmarks/2" lastBookmarkId="0"/>
    <open-files xmlns="http://www.netbeans.org/ns/projectui-open-files/2">
        <group>
            <file>file:/C:/Users/Putay/Documents/NetBeansProjects/KasirPutri/src/tampilan/tampilan_laporan.java</file>
            <file>file:/C:/Users/Putay/Documents/NetBeansProjects/KasirPutri/src/tampilan/tampilan_menu_barang.java</file>
            <file>file:/C:/Users/Putay/Documents/NetBeansProjects/KasirPutri/src/tampilan/tampilan_utama.java</file>
            <file>file:/C:/Users/Putay/Documents/NetBeansProjects/KasirPutri/src/tampilan/tampilan_transaksi.java</file>
            <file>file:/C:/Users/Putay/Documents/NetBeansProjects/KasirPutri/src/tampilan/tampilan_input_struk.java</file>
        </group>
    </open-files>
</project-private>
